User,Rating
Geothermal,1376
Geothermal,1563
Geothermal,1639
Geothermal,1552
Geothermal,1775
Geothermal,1760
Geothermal,1847
Geothermal,1898
Geothermal,1898
Geothermal,1920
Geothermal,1915
Geothermal,1852
Geothermal,1822
Geothermal,1830
Geothermal,2033
Geothermal,2081
Geothermal,2242
Geothermal,2288
Geothermal,2311
Geothermal,2323
Geothermal,2385
Geothermal,2352
Geothermal,2328
Geothermal,2455
Geothermal,2475
Geothermal,2442
Geothermal,2481
Geothermal,2572
Geothermal,2474
Geothermal,2561
Geothermal,2483
Geothermal,2456
Geothermal,2387
Geothermal,2491
Geothermal,2527
Geothermal,2575
Geothermal,2575
Geothermal,2598
Geothermal,2539
Geothermal,2503
Geothermal,2596
Geothermal,2740
Geothermal,2694
Geothermal,2646
Geothermal,2693
Geothermal,2691
Geothermal,2727
Geothermal,2799
Geothermal,2676
Geothermal,2690
Geothermal,2873
Geothermal,2927
Geothermal,2750
Geothermal,2697
awoo,1408
awoo,1317
awoo,1244
awoo,1417
awoo,1363
awoo,1272
awoo,1195
awoo,1191
awoo,1142
awoo,1169
awoo,1121
awoo,1058
awoo,1008
awoo,945
awoo,1016
awoo,956
awoo,977
awoo,1094
awoo,1037
awoo,1136
awoo,1177
awoo,1202
awoo,1104
awoo,1035
awoo,1094
awoo,1288
awoo,1192
awoo,1337
awoo,1287
awoo,1192
awoo,1123
awoo,1272
awoo,1544
awoo,1459
awoo,1473
awoo,1561
awoo,1479
awoo,1402
awoo,1347
awoo,1409
awoo,1385
awoo,1307
awoo,1215
awoo,1319
awoo,1286
awoo,1267
awoo,1423
awoo,1513
awoo,1425
awoo,1491
awoo,1563
awoo,1468
awoo,1578
awoo,1491
awoo,1475
awoo,1587
awoo,1490
awoo,1511
awoo,1531
awoo,1660
awoo,1702
awoo,1696
awoo,1679
awoo,1690
awoo,1665
awoo,1613
awoo,1547
awoo,1541
awoo,1565
awoo,1631
awoo,1642
awoo,1579
awoo,1627
awoo,1691
awoo,1761
awoo,1760
awoo,1645
awoo,1637
awoo,1620
awoo,1555
awoo,1613
awoo,1639
awoo,1626
awoo,1674
awoo,1637
awoo,1610
awoo,1748
awoo,1805
awoo,1764
awoo,1727
awoo,1763
awoo,1719
awoo,1706
awoo,1733
awoo,1691
awoo,1779
awoo,1846
awoo,1834
awoo,1930
awoo,2028
awoo,2075
awoo,1988
awoo,1907
awoo,1925
awoo,1922
awoo,1905
awoo,1901
awoo,1818
awoo,1821
awoo,1916
awoo,1825
awoo,1806
awoo,1901
awoo,1859
awoo,1857
awoo,1852
awoo,1943
awoo,1960
awoo,1934
awoo,1893
awoo,1947
awoo,1884
awoo,1954
awoo,1899
awoo,2054
awoo,2019
awoo,2009
awoo,1957
awoo,1938
awoo,1992
awoo,1897
awoo,1797
awoo,1817
awoo,1869
awoo,1992
awoo,2060
awoo,1987
awoo,1914
awoo,1955
awoo,1940
awoo,1995
awoo,2024
awoo,2033
awoo,1970
awoo,2060
awoo,2039
awoo,1983
awoo,2014
awoo,2067
awoo,2015
awoo,1950
awoo,1926
awoo,2012
awoo,2037
awoo,2127
awoo,2202
awoo,2148
awoo,2179
awoo,2176
awoo,2146
awoo,2160
awoo,2244
awoo,2217
awoo,2225
awoo,2228
awoo,2242
awoo,2131
awoo,2201
awoo,2221
awoo,2199
awoo,2307
awoo,2305
awoo,2266
awoo,2314
awoo,2226
awoo,2216
awoo,2297
awoo,2310
awoo,2187
awoo,2221
awoo,2238
awoo,2267
awoo,2203
awoo,2226
awoo,2302
awoo,2271
awoo,2404
awoo,2408
awoo,2279
awoo,2440
awoo,2478
awoo,2465
awoo,2518
awoo,2462
awoo,2413
awoo,2440
awoo,2473
awoo,2490
awoo,2562
awoo,2601
awoo,2527
awoo,2529
awoo,2543
awoo,2500
awoo,2456
awoo,2488
awoo,2493
awoo,2480
awoo,2520
awoo,2539
awoo,2544
awoo,2661
awoo,2587
awoo,2675
awoo,2572
awoo,2567
awoo,2555
awoo,2548
awoo,2664
awoo,2650
awoo,2612
awoo,2581
awoo,2518
awoo,2609
awoo,2573
awoo,2582
awoo,2507
kotatsugame,1443
kotatsugame,1401
kotatsugame,1454
kotatsugame,1566
kotatsugame,1466
kotatsugame,1495
kotatsugame,1564
kotatsugame,1527
kotatsugame,1588
kotatsugame,1646
kotatsugame,1520
kotatsugame,1519
kotatsugame,1537
kotatsugame,1497
kotatsugame,1463
kotatsugame,1443
kotatsugame,1461
kotatsugame,1541
kotatsugame,1758
kotatsugame,1918
kotatsugame,1920
kotatsugame,1987
kotatsugame,2032
kotatsugame,2083
kotatsugame,2049
kotatsugame,2054
kotatsugame,2099
kotatsugame,2049
kotatsugame,2078
kotatsugame,2072
kotatsugame,2124
kotatsugame,2137
kotatsugame,2115
kotatsugame,2093
kotatsugame,2109
kotatsugame,2145
kotatsugame,2089
kotatsugame,2136
kotatsugame,2037
kotatsugame,2121
kotatsugame,2147
kotatsugame,2213
kotatsugame,2177
kotatsugame,2210
kotatsugame,2143
kotatsugame,2217
kotatsugame,2312
kotatsugame,2341
kotatsugame,2421
kotatsugame,2380
kotatsugame,2383
kotatsugame,2368
kotatsugame,2418
kotatsugame,2473
kotatsugame,2440
kotatsugame,2510
kotatsugame,2529
kotatsugame,2478
kotatsugame,2377
kotatsugame,2428
kotatsugame,2521
kotatsugame,2513
kotatsugame,2558
kotatsugame,2536
kotatsugame,2467
kotatsugame,2493
kotatsugame,2487
kotatsugame,2476
kotatsugame,2505
kotatsugame,2606
kotatsugame,2609
kotatsugame,2707
kotatsugame,2642
kotatsugame,2643
kotatsugame,2656
kotatsugame,2675
kotatsugame,2633
kotatsugame,2658
kotatsugame,2759
kotatsugame,2744
kotatsugame,2649
kotatsugame,2743
kotatsugame,2821
kotatsugame,2839
kotatsugame,2843
kotatsugame,2850
kotatsugame,2886
kotatsugame,2844
kotatsugame,2823
kotatsugame,2952
kotatsugame,2998
kotatsugame,2990
8528190075VietTQ,652
8528190075VietTQ,1233
8528190075VietTQ,1593
8528190075VietTQ,1987
dreamoon_love_AA,1711
dreamoon_love_AA,1952
dreamoon_love_AA,2068
dreamoon_love_AA,2074
dreamoon_love_AA,1957
dreamoon_love_AA,2089
dreamoon_love_AA,2107
dreamoon_love_AA,2146
dreamoon_love_AA,2189
dreamoon_love_AA,2102
dreamoon_love_AA,2009
dreamoon_love_AA,2045
dreamoon_love_AA,2024
dreamoon_love_AA,2110
dreamoon_love_AA,2051
dreamoon_love_AA,2068
dreamoon_love_AA,2027
dreamoon_love_AA,2002
dreamoon_love_AA,2027
dreamoon_love_AA,2133
dreamoon_love_AA,2221
dreamoon_love_AA,2240
dreamoon_love_AA,2292
dreamoon_love_AA,2343
dreamoon_love_AA,2303
dreamoon_love_AA,2321
dreamoon_love_AA,2344
dreamoon_love_AA,2359
dreamoon_love_AA,2357
dreamoon_love_AA,2411
dreamoon_love_AA,2321
dreamoon_love_AA,2272
dreamoon_love_AA,2340
dreamoon_love_AA,2367
dreamoon_love_AA,2429
dreamoon_love_AA,2310
dreamoon_love_AA,2364
dreamoon_love_AA,2353
dreamoon_love_AA,2239
dreamoon_love_AA,2268
dreamoon_love_AA,2218
dreamoon_love_AA,2269
dreamoon_love_AA,2267
dreamoon_love_AA,2348
dreamoon_love_AA,2334
dreamoon_love_AA,2339
dreamoon_love_AA,2281
dreamoon_love_AA,2316
dreamoon_love_AA,2360
dreamoon_love_AA,2314
dreamoon_love_AA,2235
dreamoon_love_AA,2311
dreamoon_love_AA,2312
dreamoon_love_AA,2283
dreamoon_love_AA,2339
dreamoon_love_AA,2271
dreamoon_love_AA,2273
dreamoon_love_AA,2338
dreamoon_love_AA,2350
dreamoon_love_AA,2260
dreamoon_love_AA,2203
dreamoon_love_AA,2269
dreamoon_love_AA,2287
dreamoon_love_AA,2354
dreamoon_love_AA,2424
dreamoon_love_AA,2322
dreamoon_love_AA,2369
dreamoon_love_AA,2370
dreamoon_love_AA,2298
dreamoon_love_AA,2364
dreamoon_love_AA,2311
dreamoon_love_AA,2390
dreamoon_love_AA,2429
dreamoon_love_AA,2330
dreamoon_love_AA,2353
dreamoon_love_AA,2372
dreamoon_love_AA,2343
dreamoon_love_AA,2316
dreamoon_love_AA,2386
dreamoon_love_AA,2398
dreamoon_love_AA,2352
dreamoon_love_AA,2280
dreamoon_love_AA,2208
dreamoon_love_AA,2264
dreamoon_love_AA,2209
dreamoon_love_AA,2235
dreamoon_love_AA,2147
dreamoon_love_AA,2299
dreamoon_love_AA,2234
dreamoon_love_AA,2283
dreamoon_love_AA,2183
dreamoon_love_AA,2296
dreamoon_love_AA,2374
dreamoon_love_AA,2440
dreamoon_love_AA,2372
dreamoon_love_AA,2449
dreamoon_love_AA,2375
dreamoon_love_AA,2429
dreamoon_love_AA,2485
dreamoon_love_AA,2465
dreamoon_love_AA,2446
dreamoon_love_AA,2519
dreamoon_love_AA,2484
dreamoon_love_AA,2538
dreamoon_love_AA,2562
dreamoon_love_AA,2634
dreamoon_love_AA,2525
dreamoon_love_AA,2415
dreamoon_love_AA,2304
dreamoon_love_AA,2181
dreamoon_love_AA,2073
dreamoon_love_AA,1966
dreamoon_love_AA,1865
dreamoon_love_AA,1770
dreamoon_love_AA,1688
dreamoon_love_AA,1788
dreamoon_love_AA,2145
dreamoon_love_AA,2234
dreamoon_love_AA,2314
dreamoon_love_AA,2400
dreamoon_love_AA,2474
dreamoon_love_AA,2583
dreamoon_love_AA,2508
dreamoon_love_AA,2488
dreamoon_love_AA,2376
dreamoon_love_AA,2307
dreamoon_love_AA,2238
dreamoon_love_AA,2335
dreamoon_love_AA,2419
dreamoon_love_AA,2596
dreamoon_love_AA,2643
dreamoon_love_AA,2569
dreamoon_love_AA,2590
dreamoon_love_AA,2632
dreamoon_love_AA,2643
dreamoon_love_AA,2669
dreamoon_love_AA,2667
dreamoon_love_AA,2661
dreamoon_love_AA,2711
dreamoon_love_AA,2742
dreamoon_love_AA,2617
dreamoon_love_AA,2619
dreamoon_love_AA,2618
dreamoon_love_AA,2686
dreamoon_love_AA,2759
dreamoon_love_AA,2761
dreamoon_love_AA,2629
dreamoon_love_AA,2617
dreamoon_love_AA,2598
dreamoon_love_AA,2510
dreamoon_love_AA,2362
dreamoon_love_AA,2375
dreamoon_love_AA,2465
dreamoon_love_AA,2403
dreamoon_love_AA,2327
dreamoon_love_AA,2347
dreamoon_love_AA,2428
dreamoon_love_AA,2596
dreamoon_love_AA,2587
dreamoon_love_AA,2586
dreamoon_love_AA,2734
dreamoon_love_AA,2603
dreamoon_love_AA,2686
dreamoon_love_AA,2628
dreamoon_love_AA,2653
dreamoon_love_AA,2582
dreamoon_love_AA,2597
dreamoon_love_AA,2701
dreamoon_love_AA,2640
dreamoon_love_AA,2765
dreamoon_love_AA,2639
dreamoon_love_AA,2690
dreamoon_love_AA,2637
dreamoon_love_AA,2622
dreamoon_love_AA,2724
dreamoon_love_AA,2729
dreamoon_love_AA,2819
dreamoon_love_AA,2799
dreamoon_love_AA,2750
dreamoon_love_AA,2710
dreamoon_love_AA,2714
dreamoon_love_AA,2498
dreamoon_love_AA,2571
dreamoon_love_AA,2505
dreamoon_love_AA,2511
dreamoon_love_AA,2609
dreamoon_love_AA,2545
dreamoon_love_AA,2433
dreamoon_love_AA,2653
dreamoon_love_AA,2734
dreamoon_love_AA,2711
dreamoon_love_AA,2887
dreamoon_love_AA,2808
dreamoon_love_AA,2792
dreamoon_love_AA,2729
dreamoon_love_AA,2802
dreamoon_love_AA,2742
dreamoon_love_AA,2688
dreamoon_love_AA,2738
dreamoon_love_AA,2706
dreamoon_love_AA,2740
dreamoon_love_AA,2835
dreamoon_love_AA,2704
dreamoon_love_AA,2700
dreamoon_love_AA,2593
dreamoon_love_AA,2644
dreamoon_love_AA,2686
dreamoon_love_AA,2652
dreamoon_love_AA,2625
dreamoon_love_AA,2576
dreamoon_love_AA,2615
dreamoon_love_AA,2760
dreamoon_love_AA,2663
dreamoon_love_AA,2691
dreamoon_love_AA,2765
dreamoon_love_AA,2836
dreamoon_love_AA,2912
dreamoon_love_AA,2762
dreamoon_love_AA,2740
dreamoon_love_AA,2715
dreamoon_love_AA,2701
dreamoon_love_AA,2727
dreamoon_love_AA,2526
dreamoon_love_AA,2411
dreamoon_love_AA,2416
dreamoon_love_AA,2492
dreamoon_love_AA,2585
dreamoon_love_AA,2570
dreamoon_love_AA,2578
dreamoon_love_AA,2611
dreamoon_love_AA,2676
dreamoon_love_AA,2558
dreamoon_love_AA,2573
dreamoon_love_AA,2681
dreamoon_love_AA,2613
dreamoon_love_AA,2718
dreamoon_love_AA,2730
dreamoon_love_AA,2713
dreamoon_love_AA,2526
dreamoon_love_AA,2579
dreamoon_love_AA,2444
dreamoon_love_AA,2559
dreamoon_love_AA,2391
dreamoon_love_AA,2285
dreamoon_love_AA,2360
dreamoon_love_AA,2454
dreamoon_love_AA,2400
dreamoon_love_AA,2499
dreamoon_love_AA,2563
dreamoon_love_AA,2664
dreamoon_love_AA,2737
dreamoon_love_AA,2678
dreamoon_love_AA,2572
dreamoon_love_AA,2593
dreamoon_love_AA,2716
dreamoon_love_AA,2629
dreamoon_love_AA,2686
dreamoon_love_AA,2759
dreamoon_love_AA,2819
dreamoon_love_AA,2857
dreamoon_love_AA,2809
dreamoon_love_AA,2774
dreamoon_love_AA,2759
dreamoon_love_AA,2829
dreamoon_love_AA,2683
dreamoon_love_AA,2541
dreamoon_love_AA,2773
dreamoon_love_AA,2758
dreamoon_love_AA,2798
dreamoon_love_AA,2811
dreamoon_love_AA,2798
dreamoon_love_AA,2790
dreamoon_love_AA,2800
dreamoon_love_AA,2782
dreamoon_love_AA,2708
dreamoon_love_AA,2571
dreamoon_love_AA,2616
dreamoon_love_AA,2745
dreamoon_love_AA,2787
dreamoon_love_AA,2769
dreamoon_love_AA,2745
dreamoon_love_AA,2796
dreamoon_love_AA,2711
dreamoon_love_AA,2615
dreamoon_love_AA,2650
dreamoon_love_AA,2709
dreamoon_love_AA,2821
dreamoon_love_AA,2843
dreamoon_love_AA,2871
dreamoon_love_AA,2902
dreamoon_love_AA,2982
dreamoon_love_AA,3002
dreamoon_love_AA,2923
dreamoon_love_AA,2961
dreamoon_love_AA,2890
dreamoon_love_AA,2903
dreamoon_love_AA,2873
dreamoon_love_AA,2864
dreamoon_love_AA,2786
dreamoon_love_AA,2813
dreamoon_love_AA,2752
dreamoon_love_AA,2774
dreamoon_love_AA,2818
dreamoon_love_AA,2918
dreamoon_love_AA,2898
dreamoon_love_AA,2926
dreamoon_love_AA,2892
dreamoon_love_AA,2925
dreamoon_love_AA,2908
dreamoon_love_AA,2827
dreamoon_love_AA,2689
dreamoon_love_AA,2746
dreamoon_love_AA,2920
dreamoon_love_AA,2879
dreamoon_love_AA,2866
dreamoon_love_AA,2834
dreamoon_love_AA,2847
dreamoon_love_AA,2975
abc864197532,1399
abc864197532,1386
abc864197532,1377
abc864197532,1327
abc864197532,1370
abc864197532,1455
abc864197532,1515
abc864197532,1559
abc864197532,1641
abc864197532,1660
abc864197532,1663
abc864197532,1700
abc864197532,1742
abc864197532,1691
abc864197532,1668
abc864197532,1650
abc864197532,1718
abc864197532,1721
abc864197532,1866
abc864197532,1796
abc864197532,1704
abc864197532,1770
abc864197532,1717
abc864197532,1780
abc864197532,1861
abc864197532,1836
abc864197532,1844
abc864197532,1862
abc864197532,1846
abc864197532,1983
abc864197532,1994
abc864197532,1966
abc864197532,2036
abc864197532,2020
abc864197532,1980
abc864197532,1949
abc864197532,1962
abc864197532,2066
abc864197532,1980
abc864197532,2046
abc864197532,2084
abc864197532,2147
abc864197532,2135
abc864197532,2111
abc864197532,2187
abc864197532,2153
abc864197532,2188
abc864197532,2159
abc864197532,2226
abc864197532,2259
abc864197532,2243
abc864197532,2236
abc864197532,2234
abc864197532,2292
abc864197532,2288
abc864197532,2364
abc864197532,2252
abc864197532,2188
abc864197532,2100
abc864197532,2094
abc864197532,2189
abc864197532,2265
abc864197532,2363
abc864197532,2419
abc864197532,2431
abc864197532,2588
abc864197532,2452
abc864197532,2613
abc864197532,2489
krijgertje,1676
krijgertje,1870
krijgertje,1965
krijgertje,1933
krijgertje,2057
krijgertje,2257
krijgertje,2370
krijgertje,2387
krijgertje,2505
krijgertje,2463
krijgertje,2513
krijgertje,2601
krijgertje,2692
krijgertje,2668
krijgertje,2691
krijgertje,2634
krijgertje,2687
krijgertje,2771
krijgertje,2742
krijgertje,2874
krijgertje,2881
krijgertje,2828
krijgertje,2788
krijgertje,2800
krijgertje,2787
krijgertje,2774
krijgertje,2744
krijgertje,2750
krijgertje,2763
krijgertje,2788
krijgertje,2879
krijgertje,2865
krijgertje,2964
krijgertje,2959
krijgertje,2952
krijgertje,3001
krijgertje,2933
krijgertje,2857
krijgertje,2792
krijgertje,2812
krijgertje,2874
krijgertje,2905
krijgertje,2837
krijgertje,2884
krijgertje,2802
krijgertje,2955
krijgertje,2961
krijgertje,2937
peti1234,1399
peti1234,1338
peti1234,1235
peti1234,1216
peti1234,1210
peti1234,1454
peti1234,1446
peti1234,1581
peti1234,1541
peti1234,1497
peti1234,1501
peti1234,1469
peti1234,1563
peti1234,1634
peti1234,1657
peti1234,1669
peti1234,1642
peti1234,1550
peti1234,1523
peti1234,1573
peti1234,1665
peti1234,1651
peti1234,1704
peti1234,1797
peti1234,1751
peti1234,1748
peti1234,1766
peti1234,1780
peti1234,1802
peti1234,1897
peti1234,1798
peti1234,1864
peti1234,1758
peti1234,1849
peti1234,1888
peti1234,1943
peti1234,1896
peti1234,1840
peti1234,1790
peti1234,1918
peti1234,1950
peti1234,1973
peti1234,2073
peti1234,2012
peti1234,1942
peti1234,1920
peti1234,1987
peti1234,2002
peti1234,1998
peti1234,2008
peti1234,2057
peti1234,2021
peti1234,2057
peti1234,2126
peti1234,2080
peti1234,2113
peti1234,2100
peti1234,2173
peti1234,2241
peti1234,2198
peti1234,2140
peti1234,2209
peti1234,2177
peti1234,2077
peti1234,2225
peti1234,2323
peti1234,2241
peti1234,2317
peti1234,2403
peti1234,2523
peti1234,2595
peti1234,2703
peti1234,2612
peti1234,2657
peti1234,2533
peti1234,2559
peti1234,2470
peti1234,2564
peti1234,2677
peti1234,2651
peti1234,2717
peti1234,2651
peti1234,2752
peti1234,2656
peti1234,2660
peti1234,2746
peti1234,2654
peti1234,2677
peti1234,2628
peti1234,2750
peti1234,2813
peti1234,2750
peti1234,2685
peti1234,2714
peti1234,2914
Wu_Yi_Fan,780
Wu_Yi_Fan,1382
Wu_Yi_Fan,1815
Wu_Yi_Fan,2034
Wu_Yi_Fan,2280
greencis,1411
greencis,1491
greencis,1627
greencis,1536
greencis,1481
greencis,1568
greencis,1514
greencis,1518
greencis,1411
greencis,1425
greencis,1634
greencis,1669
greencis,1667
greencis,1611
greencis,1722
greencis,1668
greencis,1633
greencis,1623
greencis,1616
greencis,1680
greencis,1684
greencis,1755
greencis,1814
greencis,1847
greencis,1948
greencis,1950
greencis,1947
greencis,2006
greencis,2075
greencis,1993
greencis,2032
greencis,2135
greencis,2186
greencis,2126
greencis,2125
greencis,2117
greencis,2022
greencis,1911
greencis,1988
greencis,1922
greencis,1907
greencis,1848
greencis,1793
greencis,1947
greencis,2083
greencis,2115
greencis,2144
greencis,2092
greencis,2158
greencis,2180
greencis,2119
greencis,2153
greencis,2230
greencis,2213
greencis,2202
greencis,2190
greencis,2250
greencis,2378
greencis,2326
greencis,2325
greencis,2269
greencis,2180
greencis,2180
greencis,2125
greencis,2251
greencis,2244
greencis,2269
greencis,2337
greencis,2411
greencis,2327
greencis,2318
greencis,2356
greencis,2408
greencis,2331
greencis,2263
greencis,2235
greencis,2269
greencis,2253
greencis,2193
greencis,2213
greencis,2161
greencis,2095
greencis,2194
greencis,2267
greencis,2270
greencis,2256
greencis,2174
greencis,2253
greencis,2307
greencis,2333
greencis,2423
greencis,2378
greencis,2325
FudNyh,619
FudNyh,1247
tabr,1620
tabr,1593
tabr,1579
tabr,1771
tabr,1812
tabr,1929
tabr,1873
tabr,1876
tabr,1940
tabr,2065
tabr,2125
tabr,2242
tabr,2254
tabr,2144
tabr,2185
tabr,2153
tabr,2047
tabr,2240
tabr,2303
tabr,2414
tabr,2336
tabr,2317
tabr,2304
tabr,2384
tabr,2346
tabr,2402
tabr,2519
tabr,2447
tabr,2405
tabr,2477
tabr,2497
tabr,2419
tabr,2339
tabr,2324
tabr,2364
tabr,2361
tabr,2432
tabr,2429
tabr,2507
tabr,2465
tabr,2380
tabr,2276
tabr,2162
tabr,2247
tabr,2441
tabr,2447
tabr,2490
tabr,2510
tabr,2466
tabr,2429
tabr,2570
tabr,2603
tabr,2710
tabr,2595
tabr,2607
tabr,2695
tabr,2748
tabr,2790
tabr,2732
Hresvelg,1448
Hresvelg,1358
Hresvelg,1437
Hresvelg,1401
Hresvelg,1369
Hresvelg,1375
Hresvelg,1407
Hresvelg,1397
Hresvelg,1388
Hresvelg,1412
Hresvelg,1416
Hresvelg,1489
Hresvelg,1567
Hresvelg,1545
Hresvelg,1509
Hresvelg,1491
Hresvelg,1457
Hresvelg,1444
Hresvelg,1383
Hresvelg,1354
Hresvelg,1392
Hresvelg,1459
Hresvelg,1396
Hresvelg,1395
Hresvelg,1457
Hresvelg,1578
Hresvelg,1617
Hresvelg,1663
Hresvelg,1618
Hresvelg,1644
Hresvelg,1603
Hresvelg,1591
Hresvelg,1540
Hresvelg,1494
Hresvelg,1543
Hresvelg,1630
Hresvelg,1617
Hresvelg,1614
Hresvelg,1562
Hresvelg,1578
Hresvelg,1560
Hresvelg,1514
Hresvelg,1512
Hresvelg,1523
Hresvelg,1648
Hresvelg,1640
Hresvelg,1588
Hresvelg,1637
Hresvelg,1657
Hresvelg,1749
Hresvelg,1732
Hresvelg,1754
Hresvelg,1679
Hresvelg,1699
Hresvelg,1702
Hresvelg,1667
Hresvelg,1658
Hresvelg,1651
Hresvelg,1719
Hresvelg,1727
Hresvelg,1704
Hresvelg,1713
Hresvelg,1707
Hresvelg,1785
Hresvelg,1764
Hresvelg,1799
Hresvelg,1731
Hresvelg,1731
Hresvelg,1677
Hresvelg,1742
Hresvelg,1681
Hresvelg,1759
Hresvelg,1814
Hresvelg,1805
Hresvelg,1801
Hresvelg,1845
Hresvelg,1807
Hresvelg,1924
Hresvelg,1862
Hresvelg,1896
Hresvelg,1837
Hresvelg,1798
Hresvelg,1736
Hresvelg,1722
Hresvelg,1688
Hresvelg,1611
Hresvelg,1670
Hresvelg,1806
Hresvelg,1845
Hresvelg,1905
Hresvelg,1911
Hresvelg,1931
Hresvelg,1956
Hresvelg,1882
Hresvelg,1846
Hresvelg,1846
Hresvelg,1902
Hresvelg,1820
Hresvelg,1734
Hresvelg,1751
Hresvelg,1804
Hresvelg,1796
Hresvelg,1755
Hresvelg,1834
Hresvelg,1876
Hresvelg,1886
Hresvelg,1976
Hresvelg,1984
Hresvelg,1976
Hresvelg,1936
Hresvelg,1910
Hresvelg,1832
Hresvelg,1789
Hresvelg,1832
Hresvelg,1861
Hresvelg,2059
Hresvelg,1936
Hresvelg,1920
Hresvelg,1958
Hresvelg,1908
Hresvelg,1918
Hresvelg,1944
Hresvelg,1923
Hresvelg,1832
Hresvelg,1774
Hresvelg,1675
Hresvelg,1672
Hresvelg,1645
sakura_storm,717
sakura_storm,1141
sakura_storm,1338
sakura_storm,1714
kal013,1624
kal013,1603
kal013,1725
kal013,1725
kal013,1933
kal013,1824
kal013,1981
kal013,2076
kal013,2305
kal013,2232
kal013,2231
kal013,2232
kal013,2219
kal013,2198
kal013,2180
kal013,2293
kal013,2387
kal013,2350
kal013,2354
kal013,2312
kal013,2252
kal013,2204
kal013,2210
kal013,2247
kal013,2299
kal013,2377
kal013,2379
kal013,2435
kal013,2526
kal013,2550
kal013,2516
kal013,2554
kal013,2529
kal013,2423
kal013,2475
kal013,2507
parentheses,599
noshin_faiza,1367
noshin_faiza,1291
noshin_faiza,1255
noshin_faiza,1208
noshin_faiza,1221
noshin_faiza,1161
noshin_faiza,1138
noshin_faiza,1105
noshin_faiza,1101
noshin_faiza,1179
noshin_faiza,1202
noshin_faiza,1226
noshin_faiza,1164
noshin_faiza,1151
noshin_faiza,1208
noshin_faiza,1223
noshin_faiza,1197
noshin_faiza,1221
noshin_faiza,1257
noshin_faiza,1260
noshin_faiza,1342
noshin_faiza,1412
noshin_faiza,1421
noshin_faiza,1396
noshin_faiza,1338
noshin_faiza,1333
noshin_faiza,1365
noshin_faiza,1376
noshin_faiza,1431
noshin_faiza,1458
noshin_faiza,1516
noshin_faiza,1501
noshin_faiza,1476
noshin_faiza,1510
noshin_faiza,1629
noshin_faiza,1607
noshin_faiza,1584
noshin_faiza,1564
noshin_faiza,1550
noshin_faiza,1553
noshin_faiza,1572
noshin_faiza,1572
noshin_faiza,1627
noshin_faiza,1703
noshin_faiza,1720
noshin_faiza,1675
noshin_faiza,1720
noshin_faiza,1660
noshin_faiza,1683
noshin_faiza,1596
noshin_faiza,1537
noshin_faiza,1645
noshin_faiza,1681
noshin_faiza,1686
noshin_faiza,1757
noshin_faiza,1824
noshin_faiza,1713
noshin_faiza,1816
noshin_faiza,1857
noshin_faiza,1878
noshin_faiza,1946
noshin_faiza,1920
noshin_faiza,1909
noshin_faiza,1866
noshin_faiza,1789
noshin_faiza,1855
noshin_faiza,1869
noshin_faiza,1927
noshin_faiza,1948
noshin_faiza,1922
noshin_faiza,1948
noshin_faiza,1939
noshin_faiza,1960
noshin_faiza,1907
noshin_faiza,1958
noshin_faiza,1929
noshin_faiza,2033
noshin_faiza,2005
noshin_faiza,1988
noshin_faiza,1911
noshin_faiza,1983
noshin_faiza,1970
noshin_faiza,1985
noshin_faiza,1807
noshin_faiza,1905
noshin_faiza,1965
noshin_faiza,1917
noshin_faiza,1912
noshin_faiza,1887
noshin_faiza,1874
noshin_faiza,1908
noshin_faiza,1991
noshin_faiza,1993
noshin_faiza,1964
noshin_faiza,1894
noshin_faiza,1905
noshin_faiza,1859
noshin_faiza,1953
noshin_faiza,1931
noshin_faiza,1986
noshin_faiza,1942
noshin_faiza,1968
noshin_faiza,1954
noshin_faiza,1936
noshin_faiza,1969
noshin_faiza,2024
noshin_faiza,1868
noshin_faiza,1769
noshin_faiza,1720
noshin_faiza,1800
noshin_faiza,1831
noshin_faiza,1827
noshin_faiza,1820
noshin_faiza,1866
noshin_faiza,1864
Sparky_Master_WCH1226,791
Sparky_Master_WCH1226,1345
quailty,1402
quailty,1317
quailty,1286
quailty,1279
quailty,1337
quailty,1483
quailty,1618
quailty,1587
quailty,1505
quailty,1673
quailty,1759
quailty,1687
quailty,1618
quailty,1644
quailty,1702
quailty,1635
quailty,1659
quailty,1602
quailty,1730
quailty,1680
quailty,1612
quailty,1852
quailty,1852
quailty,1898
quailty,1848
quailty,1906
quailty,2110
quailty,2177
quailty,2263
quailty,2273
quailty,2228
quailty,2292
quailty,2222
quailty,2241
quailty,2147
quailty,2297
quailty,2246
quailty,2171
quailty,2229
quailty,2242
quailty,2323
quailty,2358
quailty,2376
quailty,2405
quailty,2422
quailty,2491
Chtholly-Nota-Seniorious,818
Chtholly-Nota-Seniorious,1355
Chtholly-Nota-Seniorious,1856
